<?xml version="1.0" encoding="UTF-8"?>
<beans xmlns="http://www.springframework.org/schema/beans"
	xmlns:xsi="http://www.w3.org/2001/XMLSchema-instance"
	xmlns:mybatis-spring="http://mybatis.org/schema/mybatis-spring"
	xsi:schemaLocation="http://mybatis.org/schema/mybatis-spring http://mybatis.org/schema/mybatis-spring-1.2.xsd
		http://www.springframework.org/schema/beans http://www.springframework.org/schema/beans/spring-beans.xsd">

	<!-- Root Context: defines shared resources visible to all other web components -->

	<!-- DB 접속 정보 -->
	<bean id="dataSourceSpied"
		class="org.springframework.jdbc.datasource.DriverManagerDataSource">
		<property name="driverClassName"
			value="oracle.jdbc.driver.OracleDriver" />
		<property name="url"
			value="jdbc:oracle:thin:@localhost:1521:xe" />
		<property name="username" value="scott" />
		<property name="password" value="tiger" />
	</bean>

	<!-- JDBC Logger -->
	<!-- 마이바티스 쿼리 로그 Proxy -->
	<bean id="dataSource"
		class="net.sf.log4jdbc.Log4jdbcProxyDataSource">
		<constructor-arg ref="dataSourceSpied" />

		<property name="logFormatter">
			<bean class="net.sf.log4jdbc.tools.Log4JdbcCustomFormatter">
				<property name="loggingType" value="MULTI_LINE" />
				<property name="sqlPrefix" value="SQL:::" />
			</bean>
		</property>
	</bean>

	<!-- 마이바티스 수행 객체 설정 (SqlSession) -->
	<bean id="SqlSessionFactory"
		class="org.mybatis.spring.SqlSessionFactoryBean">
<!-- 		설정된 DB정보 입력 -->
		<property name="dataSource" ref="dataSource" />

		<!-- Mapper 파일 위치 설정 -->
		<property name="mapperLocations">
			<array>
				<value>classpath:/ticket/dao/impl/**/*DaoImpl.xml</value>
			</array>
		</property>
	</bean>

	<!-- 마이바티스 인터페이스 설정 -->
	<bean class="org.mybatis.spring.mapper.MapperScannerConfigurer">
		<property name="basePackage" value="ticket.dao.face" />
	</bean>

</beans>
